fecha,pais,ubicacion,evento,reflexion
2025-06-01,Venezuela,Cusco,triste,Me encontré con una tormenta.
2025-06-02,Venezuela,Quito,feliz,Comí algo nuevo y delicioso.
2025-06-03,Ecuador,Bogotá,curioso,Tuve una conversación profunda.
2025-06-04,Colombia,Caracas,feliz,Participé en una ceremonia local.
2025-06-05,Brasil,Cusco,triste,Fui a un evento cultural.
2025-06-06,Ecuador,La Paz,triste,Aprendí una receta tradicional.
2025-06-07,Ecuador,Santiago,feliz,Participé en una ceremonia local.
2025-06-08,Perú,Bogotá,feliz,Descubrí un lugar secreto.
2025-06-09,Chile,Buenos Aires,curioso,Participé en una ceremonia local.
2025-06-10,Perú,Bogotá,triste,Fui a un evento cultural.
2025-06-11,Ecuador,Cusco,triste,Encontré una vista increíble.
2025-06-12,Chile,Asunción,curioso,Visité un museo inesperado.
2025-06-13,Paraguay,Santiago,triste,Descubrí un lugar secreto.
2025-06-14,Colombia,Asunción,feliz,Fui a un evento cultural.
2025-06-15,Perú,Santiago,curioso,Encontré una vista increíble.
2025-06-16,Paraguay,Montevideo,triste,Comí algo nuevo y delicioso.
2025-06-17,Bolivia,Cusco,curioso,Visité un museo inesperado.
2025-06-18,Uruguay,Cusco,curioso,Aprendí una receta tradicional.
2025-06-19,Ecuador,Santiago,feliz,Aprendí una receta tradicional.
2025-06-20,Bolivia,Montevideo,triste,Viajé en un transporte único.
2025-06-21,Argentina,Quito,triste,Comí algo nuevo y delicioso.
2025-06-22,Chile,Bogotá,triste,Encontré una vista increíble.
2025-06-23,Chile,Cusco,feliz,Comí algo nuevo y delicioso.
2025-06-24,Perú,Asunción,feliz,Descubrí un lugar secreto.
2025-06-25,Chile,Río de Janeiro,feliz,Viajé en un transporte único.
